category_id,parent_id,name,description,is_active,level,image
1,0,Root Catalog,,,0,
2,1,Topstreetwear,"{:""@xsi:type""=>""xsd:string""}",1,1,
213,2,Latest,"{:""@xsi:type""=>""xsd:string""}",1,2,
3,2,Pants,"In this category you find our wide selection of pants. We have divided this category into shorts, sweatpants, chinos and jeans and if you are looking for a specific fit of jeans you may choose that as well. Whether you like your jeans baggy, regular or slim you can be sure of finding what you want at TS - Top Streetwear!",1,2,Byxor-Jeans_1.png
22,3,Jeans,Find your new favourite jeans at TSW - Top Streetwear! We always load our warehouses with the new models for each season from our wide selection of brands. We have divided jeans in three categories to make it easy to find what typ of jeans you are looking for. We guarantee you'll find your new favourites amongs the awsome new stuff we just got in this season!,1,3,jeans.png
214,22,Loose-Fit,"{:""@xsi:type""=>""xsd:string""}",1,4,jeans-loose-fit.png
215,22,Baggy-Fit,"{:""@xsi:type""=>""xsd:string""}",1,4,jeans-baggy.png
216,22,Slim-Fit,"{:""@xsi:type""=>""xsd:string""}",1,4,jeans-slim.png
425,22,Skinny Fit,"{:""@xsi:type""=>""xsd:string""}",1,4,
426,22,- Basic Denim,"{:""@xsi:type""=>""xsd:string""}",0,4,
173,3,Chinos,"We have the coolest chinos from some of the worlds most renown chino brands. Whether you feel like dressing up a bit or just have an alternative to jeans you can be sure to find it at TSW - Topstreetwear. Chinos are awsome so if you are looking for a pair you'll find them here, and if you don't have any make sure to get some now!",1,3,chinos_1.png
21,3,Sweatpants,Pick and choose from this years hottest sweatpants! We have the best sweatpants in a large variety of colors and styles so you can be sure you find what you are looking for. Works in the gym as well as everyday pants for those who like!,1,3,mjukisbyxor.png
20,3,Shorts,"Too hot outside for pants? We have this summers best shorts everyday use or for a day on the beach. Just as in jeans we have many different styles to chose from here in all kinds of garments. Check out our awesome shorts from our wide selection of brands and find a pair you like, and that'll make you look good on those hot summer days!",1,3,shorts.png
137,2,T-Shirts,T-Shirts we all wear almost everyday and it is always fun to have a few alternatives at home to pick and chose from before you go out and meet the day. We have a wide range of products in many different brands from basic tees to more detailed alternatives with lots of colors and prints.,1,2,t-shirts_1.png
201,137,T-Shirts,T-Shirts we all wear almost everyday and it is always fun to have a few alternatives at home to pick and chose from before you go out and meet the day. We have a wide range of products in many different brands from basic tees to more detailed alternatives with lots of colors and prints.,1,3,t-shirts_2.png
203,137,Tall Tees,"Tall Tees is a classic hip hop design tee that has become extremely popular over the years. Available in a variety of colors and color combinations that you can match with the rest of your outfit. Available in sizes M, L, XL, 2XL, 3XL, 4XL, 5XL and 6XL. In other words, there is always a size and a color that suits you!",1,3,tall-tees.png
138,137,Tank Tops,"Sometimes when the sun is hot, you want something cool without sleeves. We have everything from the more traditional, single-colored Tank tops or styles with less detail to more embellished designes with cool prints. Tank tops are always nice to have at the beach and also with jeans or shorts!",1,3,linnen.png
469,137,Long Sleeve ,,1,3,
139,137,Polos,At those moments when you should be well dressed but want to keep it simple a polo is a perfect alternative. Sometimes you don't have time to iron a  shirt and also then a polo is a would work as a substitute for a shirt. We have colorful polos with patterns and single colored polos if you want something more traditional.,1,3,pikeer.png
135,137,Shirts,"Sometimes you have to dress up and then it is most important that you have a nice shirt. We always stock up on the seasons coolest shirts so you have some to chose from, and to look good in, at a party or at work. Some are more formal and we usually have both long and shortsleeve alternatives.",1,3,skjortor.png
6,2,Hoodies,"We at TS - Top Streetwear always make sure to have a wide selection of cool sweatshirts. You never have to worry about not finding something in your style! we have everything from sweatshirts with cool prints and stylish sweatshirts with a designer cuts or lots of color. Choose from our categories Zip Hoodies, Hoodies and Sweaters!",1,2,trojor_1.png
136,6,Zip Hoodies,"Here you can find all our hoodies without zippers. Just like the Zip Hoodies, this is a style we love and that should exist in every mans wardrobe. We have single-colored hoodies and hoodies with big detailed printing. Some designs are more relaxed and some have a more traditional fit. You can count on finding something you like here as well!",1,3,trojor_2.png
206,6,Hoodies,Everyone likes a cool zip hoodie. We have invested enormously in one of our favorite pieces of clothing so you will find your new favorite zip hoodie in our shop. We have everything from plain hooded sweatshirts without prints to hoodies with awsome embroideries and designs. Just pick the one you like the most!,1,3,hoodies-no-zip.png
202,6,Sweater,"Everyone needs something simple and warm to put on when it's a bit colder outside. Here we have nice single colored options and sweaters with prints and embroideries. Sweaters are a must have so whether you like plain style or the ones with details, there's always a cool sweater for you at TS - Top Streetwear!",1,3,sweater.png
434,6,Sweatsuits,"{:""@xsi:type""=>""xsd:string""}",1,3,
5,2,Jackets,"The seasons give us different weather and therefore we offer jackets that suit all kinds of situations. Whether it is raining, windy outside or just plain cold weather, we have an option that will warm you or keep you dry a rainy day. The difference is our jackets make you look good no matter what weather is out there!",1,2,jackor_2.png
167,5,Winter Jackets,In most places corners of the world it gets really cold at least a few weeks every year. Because of this we have some great jackets to keep you warm in even the coldest of days. Are you tired of freezing? Choose one of our winter jackets and you'll be both warm and cool at the same time!,1,3,vinterjackor.png
133,5,Jackets,"The seasons give us different weather and therefore we offer jackets that suit all kinds of situations. Whether it is raining, windy outside or just plain cold weather, we have an option that will warm you or keep you dry a rainy day. The difference is our jackets make you look good no matter what weather is out there!",1,3,windbreaker.png
430,5,Windbreakers,"{:""@xsi:type""=>""xsd:string""}",1,3,
134,5,Track Jackets,"Track Jackets were originally only used as a training clothing but is nowadays used frequently in everyday life. Track jackets usually have a front zipper with a high collar, but beyond that they can look very different. We have everything from single-colored track jackets to the detailed models with cool prints. Take a look below and you will surely find one that you'll like!",1,3,trackjackets.png
433,5,Vest,"{:""@xsi:type""=>""xsd:string""}",1,3,
8,2,Headwear,Keep your head warm with a nice beanie or the sun out of your eyes in a cool cap. We have a wide range of headwear in many shapes and designs for you to chose from. Our cap collection is something we prioritize highly and at TS - Top Streetwear you chose from the biggest cap brands in the business!,1,2,Kepsar-Mossor_1.png
161,8,Caps,A cool cap is most important if you want to look fly from top to bottom. We have all kinds of caps in a wide variety of colors and sizes for you to chose from so you can count on finding a lot here you like. Our cap collection is from smaller exclusive designers to the worlds biggest and most famous cap manufacturers.,1,3,rakakepsar.png
318,161,Snapback,"{:""@xsi:type""=>""xsd:string""}",1,4,
357,161,Fitted,"{:""@xsi:type""=>""xsd:string""}",1,4,
163,8,Beanies,"Beanies are not only practical when it is cold outside, they can also look great! We have a good size collection of beanies that keep you both warm and cool at the same time. So hit the slopes in style next time in one of our awsome beanies!",1,3,mossor.png
160,8,Hats,If you want to wear something other than a cap a hat is a very cool alternative. Works well with a nice shirt and gives you a more well dressed look perfect for a party or at the club. If you haven't already - Try it!,1,3,hattar.png
162,8,Durags,Durags is very common amongs hip hop artists around the world. They can be worn seperatly or with a cap on top for a cool classic hip hop look. We have single colored styles and a few with details or prints. Pick a color you like or one that suits your cap the best!,1,3,durags.png
140,2,Accessories,"Here you find all out cool belts, scarves, bandanas, bags, wallets, headphones, sunglasses, shoe laces, watches and much more. All this stuff we have in many styles and colors so you have a lot to chose from. Our accessories will give you a boost and make an avarage outfit look fly!",1,2,accessoarer_3.png
10,140,Jewelry,"{:""@xsi:type""=>""xsd:string""}",1,3,smycken.png
164,10,- Earrings,We have a variety of earrings in different shapes and sizes for you to chose from. Some earrings have larger stones and some have several smaller ones. Often we have similar earrings in both silver and gold color so you can chose the one you think suits you best!,1,4,orhangen.png
165,10,- Necklaces,Here we have some cool stuff for those who like bling. We have dollarsigns and dogtags covered in stones will give you a cool hip hop look that always works well at a party. Get yourselfe iced out today!,1,4,halsband.png
166,10,- Grillz,Do you like bling and want to take it a step further? Then it is time for you to ice out your teeth! Grillz are gold or silver teeth with our without stones in different colors and shapes. Try it - You might like it!,0,4,grillz.png
435,10,- Bracelets,"{:""@xsi:type""=>""xsd:string""}",1,4,
141,140,Belts,Baggy jeans is always cool but can be tricky without a belt. More then the practical reason of wearing a belt we have some designs that are really awsome. We have single colored belts to more detailed styles in all kinds of colors and sizes. Put some color to your jeans with one of our many alternatives!,1,3,balten.png
142,140,Scarves,"Stylish accessory that works equally well for boys as for girls. We have both thick scarves for the winter and thinner options for summer a evening, or indoors during the colder days. Just as nice all year round, according to us!",1,3,halsdukar.png
143,140,Watches,"Watches are a man's most important and most common accessory. We have everything from the more classic looking watches, for a smart and serious impression, to casual and playful versions in many colors. Match one of the colorful watches with your T-shirt and cap or try a large watch with a lot of bling!",1,3,klockor.png
144,140,Wallets,Keep track of your cash on the hottest possible way! Here are some cool wallets for you who think that the classic single-colored leather wallet is a bit boring. Choose one with a nice print and awesome quality!,1,3,planbocker.png
145,140,Bags,"All of us use bags and we have a nice collection of different models so you find one that fits your needs. Whether you need a bag to school, to the gym or work, we have something that'll work perfect for you. Choose from backpacks, shoulder bags and lots more!",1,3,vaskor.png
146,140,Others,"Is there something you are looking for but not found in any of the other categories, you've come to the right place. Here you find all our miscellaneous items that didn't fit under any other category!",1,3,accessoarer_4.png
147,140,Skateboards,"Here you will find our assortment of cool and qualitative skateboards, trucks, skate wheels, grip tape and other skateboard accessories. If you have not tried skateboarding you just gotta try it! Crazy adictive activity that is popular worldwide. Skateboarding is a lifestyle!",0,3,Kategorier_1.png
9,140,Sunglasses,When the sun is shining that most it can be nice to rest your eyes behind a pair of cool shades. We have a wide range of different models in a lot of different colors. Here you will find a good mix of the latest sunglasses to the timeless classics that year after year are just as popular.,1,3,solglasogon.png
149,140,Headphones,"The most important thing with headphones is that they fit well and are of good quality but they are also be a cool accessory. Match your headphones with a cap or choose a pair with a unique design you like. We have both large headphones and in-ear headphones, both of them in various colors and designs.",1,3,horlorar.png
204,140,Bandana,"Easier ways to improve your outfit does not exist! Choose a few bandanas in various colors and designs and match with your shoes, cap or your Tall Tee. We have bandanas from many different brands, with or without prints, in all kind of colors! ",1,3,bandanas.png
431,140,Gloves,"{:""@xsi:type""=>""xsd:string""}",1,3,
11,140,Underwear,"Fresh underwear is a must if you wanna feel well dressed from head to toe. We have gathered our different models under two categories, boxers and panties seperately, so you quickly find what you're looking for. Choose from cool prints and bright colors from some of the best underwear manufacturers!",1,3,Underklader_1.png
155,11,Mens underwear,"Underwear may not be the first thing you see when you meet someone, but it could be the last! We have a wide range of boxer shorts for you to choose from that you will feel cool in whether you like lots of details or maybe lots of color.",1,4,kalsanger.png
156,11,Womens underwear,"For you ladies, we have chosen to focus on sexy hipsters, hot pants and cool, comfortable boxers. We have designs with detailed patterns to simple monochrome models for you to choose from. At TS - Top Streetwear you always find fresh panties!",1,4,trosor.png
7,2,Sneakers,"Complete your outfit with a pair of awesome shoes! We have sneakers, boots, flip flops and high heels in all colors from some of the world's largest shoe manufacturers. Nice shoes can improve any outfit so be sure to stock up on a few cool pairs so you always look fly!",1,2,skor_1.png
152,7,Sneakers,"Almost everyone has a pair of sneakers, if not several pairs! Sneakers may be the key ingredient for a complete and cool outfit so we have plenty here for you to choose from. Match with other pieces to get a perfect outfit from top to toe!",1,3,sneakers.png
151,7,Flipflops,"Sometimes it's too hot for sneakers and in these cases flip flops are perfect. They are open, easy to take on and off and weighs almost nothing. They are popular worldwide and we have selected a few models we think are cool for you to choose from. Flip flops are perfect for the beach!",1,3,flipflop.png
432,7,Shoelaces,"{:""@xsi:type""=>""xsd:string""}",1,3,
150,7,Socks,We have various models and designs depending on how you want your socks to look and fit. Try a cool pair of tube socks to shorts for a hip-hop look or a cool pair of low socks to keep your shoes fresh!,1,3,strumpot.png
12,2,Girls,"Here you find our great selection of clothing for girls. The garments we have focused on are hooded sweatshirts, track jackets, hooded jackets, sweatpants and underwear. We focus on simple and colorful clothing with feminine flair in structure and shape. The clothes will definitely attract attention from guys!",1,2,Tjejklader_1.png
153,12,Tops,When it is party time it's fun to dress up! We have sexy and beautiful tops that are cut to show off your curves in a nice way. We have single colored and printed alternatives here to choose from. Be the center of attention in any of our tops at your next party!,1,3,tjej-t-shirt-top.png
168,12,Hoodies,Hoodies and sweaters are equally popular for girls as for boys so we have lots of these in feminine colors and fitted for a girls body. Look sharp at school or at work in one of our luxurious hoodies from one of our many brands!,1,3,tjejtr_jor_1.png
170,12,Jackets,We love jackets and our women's designs are super hot! We have classic track jackets in many colors and nice wind runners in lightweight materials for those who like them. Simple is beautiful and that is why we opted for traditional street jackets for you ladies. Here you will find the absolute best looking ones on the web!,1,3,tjejjackor.png
169,12,Jeans / Pants,"For the ladies we have picked different models of the most common types of pants for girls. From neatly cut soft pants and exclusive jeans to super sexy leggings in many colors. So even if you are looking for something to party in or something cozy, you can be sure to find what you like.",1,3,tjejbyxor.png
154,12,Dresses,Here you can find all our summery and sexy dresses. There is no easier way to look fabolous on a hot summer day than in a colorful dress. We at TS - Top Streetwear love dresses and hope you love our styles as much as we do!,1,3,tjej-klaning.png
171,12,Accessories,,1,3,
172,12,Shoes,"Pumps, high heels and sandals. There is much to choose from as a girl but sneakers are not to be overlooked. We have both comfortable and stylish sneakers for you ladies, whether you like the classic single-colored style shoe or shoes with more color and details. Choose from our many quality brands, you will certainly find a few pairs you like!",1,3,tjej-skor.png
13,2,Junior,"Here you will find the latest street clothes for your kids. TS - Top Streetwear have long chosen to focus on street clothes for the slightly younger crowd and nowadays we have a large selection of kids clothes to choose from. As for the adults, we have baggy jeans, jeans, sweatpants, T-Shirts, Hoodies, Sweatshirts and Jackets. Buy something here your son will love!",1,2,Barnklader_2.png
157,13,Hoodies / Jackets,"All kids like cool hoodies and jackets that keeps you warm when you are out playing. We have lots of different brands, sizes and designs that you can choose from and find one that fits in both taste and size. Our jackets and hoodies are just as cool as they are practical!",1,3,barn-jackor-trojor.png
158,13,Jeans / Pants,"We have worked hard so kids can find clothes they want in sizes suited for their young age. Today we have several jeans from a variety of different brands all with measurements that will fit your kids. Even when you are young, you want clothes you feel comfortable in, and there is nothing wrong with dressing cool when you are out playing!",1,3,barn-byxor.png
159,13,T-Shirts,We all use T-Shirts so we strive to have a wide selection of these also for the slightly younger. If you like your T-Shirts a little bigger we have Tall Tee's in children's sizes and a lot of ordinary T-shirts with cool prints. Here you're guaranteed to find something your kids will adore!,1,3,barn-t-shirt.png
205,13,Shoes,Here you'll find shoes for the slightly younger. We have equally cool shoes in kids sizes as in adult sizes and from some of our most popular shoe manufacturers. Choose from classically stylish shoes for a more detailed and colorful sneakers that'll make you the coolest on the playground!,1,3,sneakers_1.png
499,13,Caps,,1,3,
508,13,Eyewear,,1,3,
212,2,Outlet,"{:""@xsi:type""=>""xsd:string""}",1,2,Untitled-1.png
220,212,Pants,"{:""@xsi:type""=>""xsd:string""}",1,3,
221,212,Jeans,"{:""@xsi:type""=>""xsd:string""}",1,3,
222,212,Jeans - Baggy-Fit,"{:""@xsi:type""=>""xsd:string""}",1,3,
223,212,Jeans - Slim-Fit,"{:""@xsi:type""=>""xsd:string""}",1,3,
224,212,Chinos,"{:""@xsi:type""=>""xsd:string""}",1,3,
225,212,T-Shirts,"{:""@xsi:type""=>""xsd:string""}",1,3,
269,212,Shirts,"{:""@xsi:type""=>""xsd:string""}",1,3,
227,212,Tank Tops,"{:""@xsi:type""=>""xsd:string""}",1,3,
228,212,Polos,"{:""@xsi:type""=>""xsd:string""}",1,3,
229,212,Tall Tees,"{:""@xsi:type""=>""xsd:string""}",1,3,
230,212,Zip Hoodies,"{:""@xsi:type""=>""xsd:string""}",1,3,
231,212,Hoodies,"{:""@xsi:type""=>""xsd:string""}",1,3,
232,212,Sweaters,"{:""@xsi:type""=>""xsd:string""}",1,3,
233,212,Jackets,"{:""@xsi:type""=>""xsd:string""}",1,3,
234,212,Track Jackets,"{:""@xsi:type""=>""xsd:string""}",1,3,
235,212,Winter Jackets,"{:""@xsi:type""=>""xsd:string""}",1,3,
236,212,Hats,"{:""@xsi:type""=>""xsd:string""}",1,3,
237,212,Caps,"{:""@xsi:type""=>""xsd:string""}",1,3,
238,212,Durags,"{:""@xsi:type""=>""xsd:string""}",1,3,
239,212,Beanies,"{:""@xsi:type""=>""xsd:string""}",1,3,
240,212,Jewelry - Earrings,"{:""@xsi:type""=>""xsd:string""}",1,3,
241,212,Jewelry,"{:""@xsi:type""=>""xsd:string""}",1,3,
242,212,Jewelry - Grillz,"{:""@xsi:type""=>""xsd:string""}",1,3,
243,212,Accessories,"{:""@xsi:type""=>""xsd:string""}",1,3,
244,212,Scarves,"{:""@xsi:type""=>""xsd:string""}",1,3,
245,212,Watches,"{:""@xsi:type""=>""xsd:string""}",1,3,
246,212,Wallets,"{:""@xsi:type""=>""xsd:string""}",1,3,
247,212,Bags,"{:""@xsi:type""=>""xsd:string""}",1,3,
248,212,Others,"{:""@xsi:type""=>""xsd:string""}",1,3,
249,212,Skateboards,"{:""@xsi:type""=>""xsd:string""}",1,3,
250,212,Sunglasses,"{:""@xsi:type""=>""xsd:string""}",1,3,
251,212,Headphones,"{:""@xsi:type""=>""xsd:string""}",1,3,
252,212,Bandana,"{:""@xsi:type""=>""xsd:string""}",1,3,
253,212,Socks,"{:""@xsi:type""=>""xsd:string""}",1,3,
254,212,Flipflops,"{:""@xsi:type""=>""xsd:string""}",1,3,
255,212,Sneakers,"{:""@xsi:type""=>""xsd:string""}",1,3,
256,212,Mens underwear,"{:""@xsi:type""=>""xsd:string""}",1,3,
257,212,Womens underwear,"{:""@xsi:type""=>""xsd:string""}",1,3,
258,212,Girls Clothing,"{:""@xsi:type""=>""xsd:string""}",1,3,
259,212,Girls Clothing - Dresses,"{:""@xsi:type""=>""xsd:string""}",1,3,
260,212,Girls Clothing - Hoodies,"{:""@xsi:type""=>""xsd:string""}",1,3,
261,212,Girls Clothing - Jeans / Pants,"{:""@xsi:type""=>""xsd:string""}",1,3,
262,212,Girls Clothing - Jackets,"{:""@xsi:type""=>""xsd:string""}",1,3,
263,212,Girls Clothing - T-Shirts,"{:""@xsi:type""=>""xsd:string""}",1,3,
264,212,Girls Clothing - Shoes,"{:""@xsi:type""=>""xsd:string""}",1,3,
265,212,Kids Clothing,"{:""@xsi:type""=>""xsd:string""}",1,3,
266,212,Kids Clothing - Jeans / Pants,"{:""@xsi:type""=>""xsd:string""}",1,3,
267,212,Kids Clothing - T-Shirts,"{:""@xsi:type""=>""xsd:string""}",1,3,
268,212,Kids Clothing - Shoes,"{:""@xsi:type""=>""xsd:string""}",1,3,
477,212,Daily Deal,,0,3,
663,212,30% Sale,,1,3,
1149,212,40% Sale,40% Sale,1,3,
664,212,70% Sale,,1,3,
756,212,75%  Sale,,1,3,
757,212,80% Sale,,1,3,
1568,212,85% Sale,,1,3,
1569,212,10% Sale,,1,3,
1570,212,20% Sale,,1,3,
1571,212,Price Adjust 30%,,1,3,
1572,212,Price Adjust 40%,,1,3,
1573,212,Price Adjust 50%,,1,3,
1574,212,Price Adjust 60%,,1,3,
14,2,Brands,"{:""@xsi:type""=>""xsd:string""}",1,2,"{:""@xsi:type""=>""xsd:string""}"
15,14,A,"{:""@xsi:type""=>""xsd:string""}",1,3,
471,15,Adidas,,1,4,produktbeskr_16.png
510,15,Alpinestars,,0,4,alpine-page.png
175,15,Affliction,"{:""@xsi:type""=>""xsd:string""}",1,4,affliction.png
16,15,Ak:cess,"{:""@xsi:type""=>""xsd:string""}",1,4,akcess_1.png
26,15,Akademiks,"{:""@xsi:type""=>""xsd:string""}",1,4,Akademiks.png
322,15,American Needle,"{:""@xsi:type""=>""xsd:string""}",1,4,american-needle.png
32,15,Analog,"{:""@xsi:type""=>""xsd:string""}",1,4,analog.png
437,15,Anon,"{:""@xsi:type""=>""xsd:string""}",1,4,
176,15,American Life,"{:""@xsi:type""=>""xsd:string""}",1,4,american-life.png
177,15,Avirex,"{:""@xsi:type""=>""xsd:string""}",1,4,avirex.png
303,15,American Candy,"{:""@xsi:type""=>""xsd:string""}",1,4,american-candy.png
320,15,As Seen On TV,"{:""@xsi:type""=>""xsd:string""}",1,4,as-seen-on-tv.png
1000,15,American Freshman,,1,4,american-freshman.png
18,14,B,"{:""@xsi:type""=>""xsd:string""}",1,3,boomtho-site_1.png
451,18,Baja Joe,"{:""@xsi:type""=>""xsd:string""}",1,4,baja-site.png
27,18,Big Bill,"{:""@xsi:type""=>""xsd:string""}",1,4,bigbill.png
272,18,Bigboy Gear,"{:""@xsi:type""=>""xsd:string""}",1,4,big-boy-gear-IMAGE.png
299,18,Björkvin,"{:""@xsi:type""=>""xsd:string""}",1,4,bjorkvin.png
29,18,Björn Borg,"{:""@xsi:type""=>""xsd:string""}",1,4,Bjorn-borg.png
30,18,Blend,"{:""@xsi:type""=>""xsd:string""}",1,4,blend_1.png
509,18,Boomtho!,,0,4,boomtho-site_2.png
485,18,Brave Soul,,1,4,produktbeskr_29.png
304,18,Breo,"{:""@xsi:type""=>""xsd:string""}",1,4,BREO.png
31,18,Burton,"{:""@xsi:type""=>""xsd:string""}",1,4,burton.png
181,18,Black,"{:""@xsi:type""=>""xsd:string""}",1,4,black.png
182,18,BoskY,"{:""@xsi:type""=>""xsd:string""}",1,4,bosky.png
558,18,Bellfield,,1,4,bellfield-page.png
560,18,Barefox,,1,4,barefox2.png
1836,18,British Knights,,1,4,british-knights.png
3183,18,Bangastic,,1,4,bangastic.png
19,14,C,"{:""@xsi:type""=>""xsd:string""}",1,3,
28,19,Calvin Klein,"{:""@xsi:type""=>""xsd:string""}",1,4,calvin-klein.png
453,19,Cayler & Sons,"{:""@xsi:type""=>""xsd:string""}",1,4,produktbeskr_13.png
314,19,Champion,"{:""@xsi:type""=>""xsd:string""}",0,4,champion.png
486,19,Cipo & Baxx,,1,4,
271,19,City Hunter,"{:""@xsi:type""=>""xsd:string""}",1,4,cityhunter-image.png
33,19,Coloud,"{:""@xsi:type""=>""xsd:string""}",1,4,coloud.png
441,19,Colour Wear,"{:""@xsi:type""=>""xsd:string""}",1,4,produktbeskr_6.png
421,19,Cotton Soul,"{:""@xsi:type""=>""xsd:string""}",1,4,produktbeskr_4.png
34,19,Crooks & Castles,"{:""@xsi:type""=>""xsd:string""}",1,4,Crooks-Castles.png
35,19,Cut Line,"{:""@xsi:type""=>""xsd:string""}",1,4,Cut-line.png
531,19,Crosshatch,,1,4,crosshatch.png
660,19,Criminal Damage,,1,4,
938,19,Cultz,,0,4,
2939,19,Casual Friday,,0,4,casualfriday.png
3184,19,Cazzy Clang,,1,4,cazzy-clang.png
3185,19,Cyprime,,1,4,cyprime.png
36,14,D,"{:""@xsi:type""=>""xsd:string""}",1,3,
58,36,Dada,"{:""@xsi:type""=>""xsd:string""}",1,4,Dada.png
57,36,D Brand,"{:""@xsi:type""=>""xsd:string""}",1,4,d-brand.png
59,36,DC,"{:""@xsi:type""=>""xsd:string""}",1,4,Dc-shoes.png
60,36,DePalma,"{:""@xsi:type""=>""xsd:string""}",1,4,Depalma.png
419,36,DGK,"{:""@xsi:type""=>""xsd:string""}",1,4,dgkprodbeskr.png
61,36,Dickies,"{:""@xsi:type""=>""xsd:string""}",1,4,Dickies.png
62,36,Djeannie,"{:""@xsi:type""=>""xsd:string""}",1,4,Djeannie.png
63,36,Dockers,"{:""@xsi:type""=>""xsd:string""}",1,4,Dockers.png
184,36,Dyse One,"{:""@xsi:type""=>""xsd:string""}",1,4,dyse-one.png
334,36,Dirty Money,"{:""@xsi:type""=>""xsd:string""}",1,4,dirty-money.png
515,36,Djinns,,1,4,djinns-page.png
364,36,DMND,"{:""@xsi:type""=>""xsd:string""}",1,4,dmnd.png
505,36,Dope Couture,,1,4,produktbeskr_27.png
346,36,Drip,"{:""@xsi:type""=>""xsd:string""}",1,4,drip.png
345,36,DTA,"{:""@xsi:type""=>""xsd:string""}",1,4,dta.png
351,36,D-XEL,"D-xel is addressed to the group tweens aged 8-16 years, who is no longer children neither teens. They want to use the clothes to emphasis their personality - which should be cool, trendy and individual. D-Xel is the brand for tweens who want to express their coolness through smart clothing with funky details and the right look.",1,4,d-xel.png
561,36,Delf,,1,4,
572,36,Dangerous DNGRS,,1,4,dangerous-dngrs.png
659,36,Diamond Supply Co.,,1,4,
812,36,Dirty Roller,,1,4,
37,14,E,"{:""@xsi:type""=>""xsd:string""}",1,3,
64,37,Ecko,"{:""@xsi:type""=>""xsd:string""}",1,4,ecko.png
65,37,Ed Hardy,"{:""@xsi:type""=>""xsd:string""}",1,4,edhardy.png
66,37,Element,"{:""@xsi:type""=>""xsd:string""}",1,4,Element.png
455,37,E-Money,"{:""@xsi:type""=>""xsd:string""}",1,4,
67,37,Enyce,"{:""@xsi:type""=>""xsd:string""}",1,4,enyce.png
68,37,éS,"{:""@xsi:type""=>""xsd:string""}",1,4,es.png
69,37,Etnies,"{:""@xsi:type""=>""xsd:string""}",1,4,etnies.png
557,37,Eastpak,,1,4,page_copy.PNG
38,14,F,"{:""@xsi:type""=>""xsd:string""}",1,3,"{:""@xsi:type""=>""xsd:string""}"
70,38,Famous Stars And Straps,"{:""@xsi:type""=>""xsd:string""}",1,4,Famous.png
71,38,FAT313,"{:""@xsi:type""=>""xsd:string""}",1,4,Fat313.png
72,38,Fila,"{:""@xsi:type""=>""xsd:string""}",0,4,fila.png
73,38,Flexfit,"{:""@xsi:type""=>""xsd:string""}",1,4,flexfit.png
74,38,Fox,"{:""@xsi:type""=>""xsd:string""}",1,4,fox.png
75,38,Frank Dandy,"{:""@xsi:type""=>""xsd:string""}",1,4,frank-dandy.png
76,38,Fred Perry,"{:""@xsi:type""=>""xsd:string""}",1,4,fred-perry.png
300,38,Freegun,"{:""@xsi:type""=>""xsd:string""}",1,4,freegun.png
77,38,French Fashion,"{:""@xsi:type""=>""xsd:string""}",1,4,frensh-fashion.png
339,38,Fun Boxers,"Have you had some FUN today? Fun boxers have been on the market over 20 years, more precise since year 1991. Through a trip in the Far East their founder came up with the idea to make a FUN boxer for men, which should be comfortable and affordable. In the new millennium the company has develop and even sells underwear for girls with the same mission that its must be FUN. Over the years they never forget where it started and always looking back. The difference today is that their collection is much bigger and with the same FUN mission. ",1,4,fun-boxers_1.png
516,38,Fly53,,1,4,fly53-brand.png
444,38,Forum,"{:""@xsi:type""=>""xsd:string""}",1,4,produktbeskr_11.png
445,38,Four Square,"{:""@xsi:type""=>""xsd:string""}",0,4,produktbeskr_fs.png
447,38,Frontline,"{:""@xsi:type""=>""xsd:string""}",1,4,produktbeskr_10.png
463,38,FUEL'D,,1,4,
3174,38,Fremont & Harris,,1,4,fremont-harris.png
39,14,G,"{:""@xsi:type""=>""xsd:string""}",1,3,
302,39,Gorillaz,"{:""@xsi:type""=>""xsd:string""}",0,4,gorillaz.png
313,39,Gift,"{:""@xsi:type""=>""xsd:string""}",1,4,gift.png
78,39,GodBody,"{:""@xsi:type""=>""xsd:string""}",1,4,godbody.png
79,39,Gravis,"{:""@xsi:type""=>""xsd:string""}",1,4,Gravis.png
446,39,Grimey,"{:""@xsi:type""=>""xsd:string""}",1,4,grimey.png
40,14,H,"{:""@xsi:type""=>""xsd:string""}",1,3,
80,40,Hart & Huntington,"{:""@xsi:type""=>""xsd:string""}",1,4,hart-hunt.png
481,40,Helly Hansen,,0,4,produktbeskr_19.png
81,40,Humör,"{:""@xsi:type""=>""xsd:string""}",1,4,hum_r.png
82,40,Hurley,"{:""@xsi:type""=>""xsd:string""}",1,4,hurley.png
336,40,Hayden,"{:""@xsi:type""=>""xsd:string""}",0,4,
568,40,Hoodboyz,,0,4,
3080,40,Hype,,1,4,hype.png
41,14,I,"{:""@xsi:type""=>""xsd:string""}",1,3,
183,41,ID Denim,"{:""@xsi:type""=>""xsd:string""}",0,4,denim-77.png
513,41,Inner City,,1,4,innercity-brand.png
83,41,Ioion,"{:""@xsi:type""=>""xsd:string""}",1,4,ioion.png
185,41,Interstate,"{:""@xsi:type""=>""xsd:string""}",1,4,interstate.png
273,41,ill,"{:""@xsi:type""=>""xsd:string""}",0,4,ill.png
726,41,Imperious,,1,4,imperious_1.png
308,14,J,"{:""@xsi:type""=>""xsd:string""}",1,3,
309,308,Joker Brand,"{:""@xsi:type""=>""xsd:string""}",1,4,joker.png
3182,308,Just Rhyse,,1,4,just-rhyse.png
42,14,K,"{:""@xsi:type""=>""xsd:string""}",1,3,
316,42,K1X,"{:""@xsi:type""=>""xsd:string""}",1,4,k1x.png
298,42,Kappa,"{:""@xsi:type""=>""xsd:string""}",1,4,kappa.png
84,42,Karl Kani,"{:""@xsi:type""=>""xsd:string""}",1,4,Karl-kani.png
495,42,KB Ethos,,1,4,produktbeskr_20.png
511,42,King Apparel,,1,4,kingappare_page.png
328,42,Kleidung Kingdom,"{:""@xsi:type""=>""xsd:string""}",1,4,kleidung-kingdom.png
1067,42,Kr3w,,1,4,kr3w.png
43,14,L,"{:""@xsi:type""=>""xsd:string""}",1,3,
85,43,Lacoste,"{:""@xsi:type""=>""xsd:string""}",1,4,lacoste.png
337,43,Lavie,"{:""@xsi:type""=>""xsd:string""}",0,4,lavie.png
86,43,Levis,"{:""@xsi:type""=>""xsd:string""}",1,4,Levis.png
87,43,LRG,"{:""@xsi:type""=>""xsd:string""}",1,4,LRG.png
311,43,Lucky 13,"{:""@xsi:type""=>""xsd:string""}",1,4,lucky-13.png
44,14,M,"{:""@xsi:type""=>""xsd:string""}",1,3,
88,44,Majestic,"{:""@xsi:type""=>""xsd:string""}",0,4,majestic.png
89,44,Mass DNM,"{:""@xsi:type""=>""xsd:string""}",1,4,massdnm.png
90,44,MasterDis,"{:""@xsi:type""=>""xsd:string""}",1,4,masterdis.png
91,44,Metal Mulisha,"{:""@xsi:type""=>""xsd:string""}",1,4,metal-mulisha.png
295,44,Mister Tee,"{:""@xsi:type""=>""xsd:string""}",1,4,mister-tee_1.png
492,44,Mishka,,1,4,produktbeskr_25.png
553,44,Miskeen,,1,4,miskeen-page.png
356,44,Mitchell & Ness,"{:""@xsi:type""=>""xsd:string""}",1,4,mitchell-ness.png
92,44,MLB | Major League Baseball,"{:""@xsi:type""=>""xsd:string""}",1,4,mlb.png
186,44,MJ,"{:""@xsi:type""=>""xsd:string""}",1,4,mj.png
187,44,Monster,"{:""@xsi:type""=>""xsd:string""}",1,4,monster.png
93,44,Mouli,"{:""@xsi:type""=>""xsd:string""}",1,4,mouli.png
188,44,Muchachomalo Underwear,"{:""@xsi:type""=>""xsd:string""}",0,4,muchomalo.png
556,44,Mi-Pac,,1,4,mipac-page2.png
638,44,Mighty Healthy,,1,4,
45,14,N,"{:""@xsi:type""=>""xsd:string""}",1,3,
94,45,Neff,"{:""@xsi:type""=>""xsd:string""}",1,4,neff.png
535,45,Negro League,,1,4,negroleague-site.png
95,45,New Era,"{:""@xsi:type""=>""xsd:string""}",1,4,new-era.png
96,45,Nike,"{:""@xsi:type""=>""xsd:string""}",1,4,nike.png
189,45,Nikita,"{:""@xsi:type""=>""xsd:string""}",1,4,nikita.png
97,45,No Name,"{:""@xsi:type""=>""xsd:string""}",1,4,noname.png
98,45,Nomis,"{:""@xsi:type""=>""xsd:string""}",0,4,nomis.png
338,45,NLF,"{:""@xsi:type""=>""xsd:string""}",0,4,
3262,45,New League,,1,4,
46,14,O,"{:""@xsi:type""=>""xsd:string""}",1,3,
422,46,Oill,"{:""@xsi:type""=>""xsd:string""}",0,4,produktbeskr_5.png
294,46,O'neill,"{:""@xsi:type""=>""xsd:string""}",1,4,oneil.png
99,46,Osiris,"{:""@xsi:type""=>""xsd:string""}",0,4,osiris.png
100,46,Outlet,"{:""@xsi:type""=>""xsd:string""}",0,4,outlet.png
657,46,Original VIP Clothing,,1,4,
920,46,OOO,,0,4,
47,14,P,"{:""@xsi:type""=>""xsd:string""}",1,3,
101,47,Parish,"{:""@xsi:type""=>""xsd:string""}",0,4,parish-clothing.png
301,47,pa:nuu,"{:""@xsi:type""=>""xsd:string""}",1,4,panuu.png
335,47,Paparazzi,"{:""@xsi:type""=>""xsd:string""}",1,4,paparazzi.png
102,47,Penguin,"{:""@xsi:type""=>""xsd:string""}",1,4,penguin.png
103,47,Phat Farm,"{:""@xsi:type""=>""xsd:string""}",0,4,Phatfarm.png
104,47,Phat Milk,"{:""@xsi:type""=>""xsd:string""}",0,4,Phat-milk.png
105,47,Puma,"{:""@xsi:type""=>""xsd:string""}",1,4,Puma.png
106,47,PyroManiac,"{:""@xsi:type""=>""xsd:string""}",0,4,pyromaniac.png
190,47,P.J. Mark,"{:""@xsi:type""=>""xsd:string""}",0,4,pj-mark.png
191,47,Pelle Pelle,"{:""@xsi:type""=>""xsd:string""}",0,4,pelle-pelle.png
276,47,Passero Accessories,"{:""@xsi:type""=>""xsd:string""}",0,4,passwro.png
1145,47,Patria Mardini,,0,4,
48,14,Q,"{:""@xsi:type""=>""xsd:string""}",1,3,
540,48,Quai,,1,4,
107,48,Quiksilver,"{:""@xsi:type""=>""xsd:string""}",1,4,quicksilver.png
49,14,R,"{:""@xsi:type""=>""xsd:string""}",1,3,
108,49,Rasta Freedom,"{:""@xsi:type""=>""xsd:string""}",1,4,rastafreedom.png
110,49,Rothco,"{:""@xsi:type""=>""xsd:string""}",1,4,rothco.png
436,49,R.E.D.,"{:""@xsi:type""=>""xsd:string""}",1,4,
192,49,Resteröds,"{:""@xsi:type""=>""xsd:string""}",0,4,resterods.png
305,49,Reve,"{:""@xsi:type""=>""xsd:string""}",0,4,reve.png
193,49,Rocawear,"{:""@xsi:type""=>""xsd:string""}",1,4,rocawear.png
194,49,Rockstar,"{:""@xsi:type""=>""xsd:string""}",1,4,rockstar.png
347,49,Rogue Status,"{:""@xsi:type""=>""xsd:string""}",1,4,rogue-status.png
270,49,Riddle,"{:""@xsi:type""=>""xsd:string""}",0,4,riddle-image.png
559,49,Rich Kids,,0,4,
562,49,Royal Blue,,1,4,royalblue.png
565,49,Ragwear,,0,4,
658,49,ROOK,,1,4,
661,49,Regal Wear,,1,4,
662,49,Raw Blue ,,1,4,
109,662,Raw Blue Classics,"<h2>Raw Blue Collections</h2>
<strong><a title=""Raw Blue Classics"" href=""http://www.topstreetwear.com/en/brands/r/raw-blue"">Raw Blue Classics</a>
<br/>
<a title=""Raw Blue Basics"" href=""http://www.topstreetwear.com/en/catalog/category/view/s/raw-blue-basic/id/472/"">Raw Blue Basics</a>
<br/>
<a title=""Raw Blue Headwear"" href=""http://www.topstreetwear.com/en/catalog/category/view/s/raw-blue-headwear/id/474/"">Raw Blue Headwear</a>
<br/>
<a title=""Raw Blue Shoes"" href=""http://www.topstreetwear.com/en/catalog/category/view/s/raw-blue-shoes/id/473/"">Raw Blue Shoes</a>
<br/><br/></strong>",1,5,template.png
472,662,Raw Blue Basic,"<h2>Raw Blue Collections</h2>
<strong><a title=""Raw Blue Classics"" href=""http://www.topstreetwear.com/en/brands/r/raw-blue"">Raw Blue Classics</a>
<br/>
<a title=""Raw Blue Basics"" href=""http://www.topstreetwear.com/en/catalog/category/view/s/raw-blue-basic/id/472/"">Raw Blue Basics</a>
<br/>
<a title=""Raw Blue Headwear"" href=""http://www.topstreetwear.com/en/catalog/category/view/s/raw-blue-headwear/id/474/"">Raw Blue Headwear</a>
<br/>
<a title=""Raw Blue Shoes"" href=""http://www.topstreetwear.com/en/catalog/category/view/s/raw-blue-shoes/id/473/"">Raw Blue Shoes</a>
<br/><br/></strong>",1,5,
474,662,Raw Blue Headwear,"<h2>Raw Blue Collections</h2>
<strong><a title=""Raw Blue Classics"" href=""http://www.topstreetwear.com/en/brands/r/raw-blue"">Raw Blue Classics</a>
<br/>
<a title=""Raw Blue Basics"" href=""http://www.topstreetwear.com/en/catalog/category/view/s/raw-blue-basic/id/472/"">Raw Blue Basics</a>
<br/>
<a title=""Raw Blue Headwear"" href=""http://www.topstreetwear.com/en/catalog/category/view/s/raw-blue-headwear/id/474/"">Raw Blue Headwear</a>
<br/>
<a title=""Raw Blue Shoes"" href=""http://www.topstreetwear.com/en/catalog/category/view/s/raw-blue-shoes/id/473/"">Raw Blue Shoes</a>
<br/><br/></strong>",1,5,
473,662,Raw Blue Shoes,"<h2>Raw Blue Collections</h2>
<strong><a title=""Raw Blue Classics"" href=""http://www.topstreetwear.com/en/brands/r/raw-blue"">Raw Blue Classics</a>
<br/>
<a title=""Raw Blue Basics"" href=""http://www.topstreetwear.com/en/catalog/category/view/s/raw-blue-basic/id/472/"">Raw Blue Basics</a>
<br/>
<a title=""Raw Blue Headwear"" href=""http://www.topstreetwear.com/en/catalog/category/view/s/raw-blue-headwear/id/474/"">Raw Blue Headwear</a>
<br/>
<a title=""Raw Blue Shoes"" href=""http://www.topstreetwear.com/en/catalog/category/view/s/raw-blue-shoes/id/473/"">Raw Blue Shoes</a>
<br/><br/></strong>",1,5,
480,662,Raw Blue Springfield,,1,5,produktbeskr_26.png
719,49,Ringspun,,1,4,ringspun.png
727,49,Rock & Run,,1,4,
728,49,Reebok,,1,4,
2489,49,Raw Blue Premium,,1,4,raw_blue_premium.png
2490,49,Raw Blue Outlet,,1,4,
50,14,S,"{:""@xsi:type""=>""xsd:string""}",1,3,
111,50,S2one,"{:""@xsi:type""=>""xsd:string""}",0,4,soone.png
195,50,Sean John,"{:""@xsi:type""=>""xsd:string""}",0,4,sean-john.png
112,50,Shock 5,"{:""@xsi:type""=>""xsd:string""}",0,4,shock5.png
113,50,Silver Star,"{:""@xsi:type""=>""xsd:string""}",1,4,silverstar.png
424,50,Skin,"{:""@xsi:type""=>""xsd:string""}",0,4,skinproduktbeskr.png
114,50,Skullcandy,"{:""@xsi:type""=>""xsd:string""}",0,4,skull-candy.png
440,50,Special Blend,"{:""@xsi:type""=>""xsd:string""}",1,4,produktbeskr_2.png
423,50,Spontaneous,"{:""@xsi:type""=>""xsd:string""}",0,4,produktbeskr_12.png
418,50,Spray Ground,"{:""@xsi:type""=>""xsd:string""}",0,4,produktbeskrsprayg.png
115,50,Solid,"{:""@xsi:type""=>""xsd:string""}",1,4,solid.png
196,50,SouthPole,"{:""@xsi:type""=>""xsd:string""}",1,4,southpole.png
439,50,State Of WOW,"{:""@xsi:type""=>""xsd:string""}",0,4,produktbeskr.png
116,50,Street Surfing,"{:""@xsi:type""=>""xsd:string""}",0,4,streetsurfing.png
117,50,Superdry,"{:""@xsi:type""=>""xsd:string""}",0,4,superdry.png
197,50,Supra,"{:""@xsi:type""=>""xsd:string""}",1,4,supra.png
306,50,Supremebeing,"{:""@xsi:type""=>""xsd:string""}",1,4,supremebeing.png
312,50,Sullen Art,"{:""@xsi:type""=>""xsd:string""}",1,4,sullen-art.png
443,50,Svea,"{:""@xsi:type""=>""xsd:string""}",0,4,produktbeskr_9.png
450,50,Shine,"{:""@xsi:type""=>""xsd:string""}",0,4,produktbeskr_17.png
470,50,State Property,,1,4,produktbeskr_23.png
475,50,Starter,,1,4,produktbeskr_14.png
490,50,Sir Benni Miles,,1,4,produktbeskr_21.png
507,50,Ssideline,,0,4,
563,50,Street Sound,,0,4,
781,50,Soul Star,,1,4,soul-star.png
1146,50,Sucker Grand,,0,4,
3081,50,Switch,,1,4,switch.png
3130,50,Santa Monica,,1,4,
51,14,T,"{:""@xsi:type""=>""xsd:string""}",1,3,thug-life.png
348,51,Tapout,"{:""@xsi:type""=>""xsd:string""}",1,4,tapout.png
118,51,The Stray Boys,"{:""@xsi:type""=>""xsd:string""}",1,4,strayboys.png
352,51,The Wild Ones,"{:""@xsi:type""=>""xsd:string""}",1,4,the-wild-ones.png
119,51,Throwdown,"{:""@xsi:type""=>""xsd:string""}",1,4,throwdown.png
317,51,Thug Life,"{:""@xsi:type""=>""xsd:string""}",1,4,thug-life_1.png
307,51,Timberland,"{:""@xsi:type""=>""xsd:string""}",1,4,timberland.png
120,51,Time Is Money,"{:""@xsi:type""=>""xsd:string""}",1,4,time-is-moneyu.png
121,51,Topstreetwear.com,"{:""@xsi:type""=>""xsd:string""}",1,4,topstreetwear-v2.png
122,51,Treesome,"{:""@xsi:type""=>""xsd:string""}",0,4,treesome.png
208,51,Tribal,"{:""@xsi:type""=>""xsd:string""}",1,4,tribal.png
123,51,Two Angle,"{:""@xsi:type""=>""xsd:string""}",1,4,twoangle.png
468,51,TrueSpin,,0,4,truespin-pagepng.png
479,51,The Glen Echo Golf,,1,4,produktbeskr_24.png
493,51,The Hundreds,,1,4,produktbeskr_22.png
1062,51,Townz,,1,4,townz.png
52,14,U,"{:""@xsi:type""=>""xsd:string""}",1,3,
350,52,UFC,"{:""@xsi:type""=>""xsd:string""}",1,4,ufc.png
476,52,Unkut,,0,4,produktbeskr_18.png
124,52,Urban Classics,"{:""@xsi:type""=>""xsd:string""}",1,4,UC.png
125,52,Urbanears,"{:""@xsi:type""=>""xsd:string""}",0,4,urbanears.png
296,52,Urban Dance,"{:""@xsi:type""=>""xsd:string""}",1,4,Urban-Dance.png
319,52,U.S. POLO ASSN.,"{:""@xsi:type""=>""xsd:string""}",1,4,us-polo-assn.png
512,52,Unsung Hero,,1,4,unsunghero-page_1.png
2488,52,Urban Ladies,,1,4,urban_classics_ladies.png
3382,52,Urban Classics - Outlet,,1,4,urban-classics-outlet-photo.png
3383,52,Urban Outlet,,0,4,
53,14,V,"{:""@xsi:type""=>""xsd:string""}",1,3,victorius.png
126,53,Vans,"{:""@xsi:type""=>""xsd:string""}",1,4,vans.png
127,53,VeryBerryous,"{:""@xsi:type""=>""xsd:string""}",0,4,verry-berryous.png
199,53,Victorious,"{:""@xsi:type""=>""xsd:string""}",1,4,victorius_1.png
200,53,Volcom,"{:""@xsi:type""=>""xsd:string""}",1,4,volcom.png
456,53,Vincentius Apparel,,1,4,
506,53,Vlado,,1,4,
514,53,Voi,,1,4,voi-page.png
54,14,W,"{:""@xsi:type""=>""xsd:string""}",1,3,
128,54,WAX,"{:""@xsi:type""=>""xsd:string""}",1,4,wax.png
442,54,We All Ride,"{:""@xsi:type""=>""xsd:string""}",0,4,produktbeskr_8.png
129,54,WeSC,"{:""@xsi:type""=>""xsd:string""}",1,4,wesc.png
429,54,Wicked One,"{:""@xsi:type""=>""xsd:string""}",1,4,produktbeskr_3.png
130,54,Wrung Division,"{:""@xsi:type""=>""xsd:string""}",0,4,wrung.png
1521,54,WU Wear,,1,4,
55,14,Y,"{:""@xsi:type""=>""xsd:string""}",1,3,
131,55,YLD,"{:""@xsi:type""=>""xsd:string""}",1,4,yld.png
504,55,Yums,,0,4,produktbeskr_28.png
569,55,Yukka,,1,4,
56,14,Z,"{:""@xsi:type""=>""xsd:string""}",1,3,
178,14,1-9,"{:""@xsi:type""=>""xsd:string""}",1,3,
420,178,47 Forty Seven,"{:""@xsi:type""=>""xsd:string""}",1,4,produktbeskr_1.png
179,178,777 Lucky,"{:""@xsi:type""=>""xsd:string""}",0,4,777.png
180,178,9IRON,"{:""@xsi:type""=>""xsd:string""}",0,4,9iron.png
491,178,10 Deep,,1,4,10deep_1.png
17,2,Startsida - Bästsäljande,"{:""@xsi:type""=>""xsd:string""}",0,2,
24,2,Startsida Star,"{:""@xsi:type""=>""xsd:string""}",0,2,
274,2,Kampanj,"{:""@xsi:type""=>""xsd:string""}",1,2,
3032,274,Feb Fleece HL 15pppp,Feb Fleece HL 15pppp,1,3,
3033,274,Feb Fleece HL 20pppp,Feb Fleece HL 20pppp,1,3,
3034,274,Feb Fleece HL 30pppp,Feb Fleece HL 30pppp,1,3,
3035,274,Feb Fleece HL 15pppp,Feb Fleece HL 15pppp,1,3,
3036,274,Feb Fleece HL 40pppp,Feb Fleece HL 40pppp,1,3,
3037,274,Feb Fleece HL 20pppp,Feb Fleece HL 20pppp,1,3,
3038,274,Feb Fleece HL 50pluspppp,Feb Fleece HL 50pluspppp,1,3,
3039,274,Feb Fleece HL 30pppp,Feb Fleece HL 30pppp,1,3,
3040,274,Feb Fleece HL 50pppp,Feb Fleece HL 50pppp,1,3,
3041,274,Feb Fleece HL hl10pppp,Feb Fleece HL hl10pppp,1,3,
3042,274,Feb Fleece HL hl20pppp,Feb Fleece HL hl20pppp,1,3,
3043,274,Feb Fleece HL 40pppp,Feb Fleece HL 40pppp,1,3,
3044,274,Feb Fleece HL hl30pppp,Feb Fleece HL hl30pppp,1,3,
3045,274,Feb Fleece HL All,Feb Fleece HL,1,3,
3046,274,Feb Fleece HL 50pluspppp,Feb Fleece HL 50pluspppp,1,3,
3047,274,Feb Fleece HL 50pppp,Feb Fleece HL 50pppp,1,3,
3048,274,Feb Fleece HL hl10pppp,Feb Fleece HL hl10pppp,1,3,
3049,274,Feb Fleece HL hl20pppp,Feb Fleece HL hl20pppp,1,3,
3050,274,Feb Fleece HL hl30pppp,Feb Fleece HL hl30pppp,1,3,
3051,274,Feb Fleece HL All,Feb Fleece HL,1,3,
3052,274,Feb FWSALES 5pp,Feb FWSALES 5pp,1,3,
3053,274,Feb FWSALES 8pp,Feb FWSALES 8pp,1,3,
3054,274,Feb FWSALES 11pp,Feb FWSALES 11pp,1,3,
3055,274,Feb FWSALES 14pp,Feb FWSALES 14pp,1,3,
3056,274,Feb FWSALES 17pp,Feb FWSALES 17pp,1,3,
3057,274,Feb FWSALES 20pp,Feb FWSALES 20pp,1,3,
3058,274,Feb FWSALES 25pp,Feb FWSALES 25pp,1,3,
3059,274,Feb FWSALES 30pp,Feb FWSALES 30pp,1,3,
3060,274,Feb FWSALES 35pp,Feb FWSALES 35pp,1,3,
3061,274,Feb FWSALES 38pp,Feb FWSALES 38pp,1,3,
3062,274,Feb FWSALES 42pp,Feb FWSALES 42pp,1,3,
3063,274,Feb FWSALES 45pluspp,Feb FWSALES 45pluspp,1,3,
3064,274,Feb FWSALES All,Feb FWSALES,1,3,
3065,274,Feb FWSALES1 35pp,Feb FWSALES1 35pp,1,3,
3066,274,Feb FWSALES1 38pp,Feb FWSALES1 38pp,1,3,
3067,274,Feb FWSALES1 42pp,Feb FWSALES1 42pp,1,3,
3068,274,Feb FWSALES11 38pp,Feb FWSALES11 38pp,1,3,
3070,274,Feb VS PP10pp,Feb VS PP10pp,1,3,
3071,274,Feb VS PP15pp,Feb VS PP15pp,1,3,
3072,274,Feb VS PP20pp,Feb VS PP20pp,1,3,
3073,274,Feb VS PP25pp,Feb VS PP25pp,1,3,
3074,274,Feb VS PP30pp,Feb VS PP30pp,1,3,
3075,274,Feb VS PP40pp,Feb VS PP40pp,1,3,
3076,274,Feb VS shoes 20pp,Feb VS shoes 20pp,1,3,
3077,274,Feb VS shoes 30pp,Feb VS shoes 30pp,1,3,
3078,274,Feb VS shoes 40pp,Feb VS shoes 40pp,1,3,
3079,274,Feb VS shoes allpp,Feb VS shoes allpp,1,3,
3082,274,Feb 60 20per,Feb 60 20per,1,3,
3083,274,Feb 60 30per,Feb 60 30per,1,3,
3084,274,Feb 60 40per,Feb 60 40per,1,3,
3085,274,Feb 60 50per,Feb 60 50per,1,3,
3086,274,Feb 60 60per,Feb 60 60per,1,3,
3087,274,Feb 60 60 allper,Feb 60 60 allper,1,3,
3088,274,Feb 60 70per,Feb 60 70per,1,3,
3089,274,Feb 60 75per,Feb 60 75per,1,3,
3090,274,Feb 60 80per,Feb 60 80per,1,3,
3091,274,Feb 60 85per,Feb 60 85per,1,3,
3092,274,Feb 60 Accessoriesper,Feb 60 Accessoriesper,1,3,
3093,274,Feb 60 Girlsper,Feb 60 Girlsper,1,3,
3094,274,Feb 60 Headwearper,Feb 60 Headwearper,1,3,
3095,274,Feb 60 Hoodiesper,Feb 60 Hoodiesper,1,3,
3096,274,Feb 60 Jacketsper,Feb 60 Jacketsper,1,3,
3097,274,Feb 60 Sneakersper,Feb 60 Sneakersper,1,3,
3098,274,Feb 60 T-Shirtsper,Feb 60 T-Shirtsper,1,3,
3099,274,Feb 60 2 65per,Feb 60 2 65per,1,3,
3100,274,Feb 60 2 Jacketsper,Feb 60 2 Jacketsper,1,3,
3101,274,Feb 60 2 Pantsper,Feb 60 2 Pantsper,1,3,
3102,274,Feb TD1 Jackets/Shoespp,Feb TD1 Jackets/Shoespp,1,3,
3103,274,Feb TD2 top deal 2 jeanspp,Feb TD2 top deal 2 jeanspp,1,3,
3104,274,Feb Top Deal Top Deal Fleecepp,Feb Top Deal Top Deal Fleecepp,1,3,
3105,274,Mar JT 20per,Mar JT 20per,1,3,
3106,274,Mar JT 30per,Mar JT 30per,1,3,
3107,274,Mar JT 40per,Mar JT 40per,1,3,
3108,274,Mar JT 50per,Mar JT 50per,1,3,
3109,274,Mar JT 60per,Mar JT 60per,1,3,
3110,274,Mar JT 65per,Mar JT 65per,1,3,
3111,274,Mar JT 70per,Mar JT 70per,1,3,
3112,274,Mar JT 75per,Mar JT 75per,1,3,
3113,274,Mar JT 80per,Mar JT 80per,1,3,
3114,274,Mar Tees  Jeans Jeans Under 30per,Mar Tees  Jeans Jeans Under 30per,1,3,
3115,274,Mar Tees  Jeans Jeans over 30per,Mar Tees  Jeans Jeans over 30per,1,3,
3116,274,Mar Tees  Jeans Jeans under 20per,Mar Tees  Jeans Jeans under 20per,1,3,
3117,274,Mar Tees  Jeans T-Shirts Over 12per,Mar Tees  Jeans T-Shirts Over 12per,1,3,
3118,274,Mar Tees  Jeans T-Shirts Under 12per,Mar Tees  Jeans T-Shirts Under 12per,1,3,
3119,274,Mar Tees  Jeans T-Shirts Under 7per,Mar Tees  Jeans T-Shirts Under 7per,1,3,
3120,274,Mar Tees & Jeans All,Mar Tees & Jeans,1,3,
3122,274,Mar Shoes 50per,Mar Shoes 50per,1,3,
3123,274,Mar Shoes 60per,Mar Shoes 60per,1,3,
3124,274,Mar Shoes 70per,Mar Shoes 70per,1,3,
3125,274,Mar Shoes 75per,Mar Shoes 75per,1,3,
3126,274,Mar Shoes over 40pp,Mar Shoes over 40pp,1,3,
3127,274,Mar Shoes under 20pp,Mar Shoes under 20pp,1,3,
3128,274,Mar Shoes under 30pp,Mar Shoes under 30pp,1,3,
3129,274,Mar Shoes under 40pp,Mar Shoes under 40pp,1,3,
3131,274,Mar caps 5pp,Mar caps 5pp,1,3,
3132,274,Mar fresh capspp,Mar fresh capspp,1,3,
3133,274,Mar all 10per,Mar all 10per,1,3,
3134,274,Mar all 20per,Mar all 20per,1,3,
3135,274,Mar all 30per,Mar all 30per,1,3,
3136,274,Mar all 40per,Mar all 40per,1,3,
3137,274,Mar all 50per,Mar all 50per,1,3,
3138,274,Mar all 60per,Mar all 60per,1,3,
3139,274,Mar all 65per,Mar all 65per,1,3,
3140,274,Mar all 70per,Mar all 70per,1,3,
3141,274,Mar all 75per,Mar all 75per,1,3,
3142,274,Mar all 80per,Mar all 80per,1,3,
3143,274,Mar all 85per,Mar all 85per,1,3,
3144,274,Mar Fresh Accessoriespp,Mar Fresh Accessoriespp,1,3,
3145,274,Mar Fresh Accessoriespp,Mar Fresh Accessoriespp,1,3,
3146,274,Mar Fresh Girlspp,Mar Fresh Girlspp,1,3,
3147,274,Mar Fresh Girlspp,Mar Fresh Girlspp,1,3,
3148,274,Mar Fresh Headwearpp,Mar Fresh Headwearpp,1,3,
3149,274,Mar Fresh Headwearpp,Mar Fresh Headwearpp,1,3,
3150,274,Mar Fresh Jacketspp,Mar Fresh Jacketspp,1,3,
3151,274,Mar Fresh Jacketspp,Mar Fresh Jacketspp,1,3,
3152,274,Mar Fresh Pantspp,Mar Fresh Pantspp,1,3,
3153,274,Mar Fresh Pantspp,Mar Fresh Pantspp,1,3,
3154,274,Mar Fresh Sneakerspp,Mar Fresh Sneakerspp,1,3,
3155,274,Mar Fresh Sneakerspp,Mar Fresh Sneakerspp,1,3,
3156,274,Mar Fresh T-Shirtsper,Mar Fresh T-Shirtsper,1,3,
3157,274,Mar Fresh T-Shirtsper,Mar Fresh T-Shirtsper,1,3,
3158,274,Mar Deal fresh hooodiespp,Mar Deal fresh hooodiespp,1,3,
3159,274,Mar Deal fresh hooodiespp,Mar Deal fresh hooodiespp,1,3,
3160,274,Mar Fresh top dealspp,Mar Fresh top dealspp,1,3,
3161,274,Mar Fresh top dealspp,Mar Fresh top dealspp,1,3,
3162,274,Mar Fresh Accessoriespp,Mar Fresh Accessoriespp,1,3,
3163,274,Mar Fresh Girlspp,Mar Fresh Girlspp,1,3,
3164,274,Mar Fresh Headwearpp,Mar Fresh Headwearpp,1,3,
3165,274,Mar Fresh Jacketspp,Mar Fresh Jacketspp,1,3,
3166,274,Mar Fresh Pantspp,Mar Fresh Pantspp,1,3,
3167,274,Mar Fresh Sneakerspp,Mar Fresh Sneakerspp,1,3,
3168,274,Mar Fresh T-Shirtsper,Mar Fresh T-Shirtsper,1,3,
3169,274,Mar Deal fresh hooodiespp,Mar Deal fresh hooodiespp,1,3,
3170,274,Mar Fresh top dealspp,Mar Fresh top dealspp,1,3,
3175,274,Mar Hot Capspp,Mar Hot Capspp,1,3,
3176,274,Mar Hot Hoodiespp,Mar Hot Hoodiespp,1,3,
3177,274,Mar Hot Jeanspp,Mar Hot Jeanspp,1,3,
3178,274,Mar Hot UC Mens Newpp,Mar Hot UC Mens Newpp,1,3,
3179,274,Mar Hot UC Womens Newpp,Mar Hot UC Womens Newpp,1,3,
3180,274,Mar Hot hot 2016pp,Mar Hot hot 2016pp,1,3,
3181,274,Mar Hot hot deal shoespp,Mar Hot hot deal shoespp,1,3,
3186,274,Mar Extra 20 30per,Mar Extra 20 30per,1,3,
3187,274,Mar Extra 20 40per,Mar Extra 20 40per,1,3,
3188,274,Mar Extra 20 50per,Mar Extra 20 50per,1,3,
3189,274,Mar Extra 20 60per,Mar Extra 20 60per,1,3,
3190,274,Mar New Xtra 20per,Mar New Xtra 20per,1,3,
3191,274,Mar Easter  Acc 15pp,Mar Easter  Acc 15pp,1,3,
3192,274,Mar Easter  Acc 15+per,Mar Easter  Acc 15+per,1,3,
3193,274,Mar Easter  Acc 5 pp,Mar Easter  Acc 5 pp,1,3,
3194,274,Mar Easter  Accessoriespp,Mar Easter  Accessoriespp,1,3,
3195,274,Mar Easter  Capspp,Mar Easter  Capspp,1,3,
3196,274,Mar Easter  Caps 10pp,Mar Easter  Caps 10pp,1,3,
3197,274,Mar Easter  Caps 15pp,Mar Easter  Caps 15pp,1,3,
3198,274,Mar Easter  Caps 15 +per,Mar Easter  Caps 15 +per,1,3,
3199,274,Mar Easter  Caps 5pp,Mar Easter  Caps 5pp,1,3,
3200,274,Mar Easter  Hoodiespp,Mar Easter  Hoodiespp,1,3,
3201,274,Mar Easter  Hoodies 18pp,Mar Easter  Hoodies 18pp,1,3,
3202,274,Mar Easter  Hoodies 25pp,Mar Easter  Hoodies 25pp,1,3,
3203,274,Mar Easter  Hoodies 30pp,Mar Easter  Hoodies 30pp,1,3,
3204,274,Mar Easter  Hoodies 30+per,Mar Easter  Hoodies 30+per,1,3,
3205,274,Mar Easter  Jeanspp,Mar Easter  Jeanspp,1,3,
3206,274,Mar Easter  Jeans  40+per,Mar Easter  Jeans  40+per,1,3,
3207,274,Mar Easter  Jeans 20pp,Mar Easter  Jeans 20pp,1,3,
3208,274,Mar Easter  Jeans 30pp,Mar Easter  Jeans 30pp,1,3,
3209,274,Mar Easter  Jeans 40pp,Mar Easter  Jeans 40pp,1,3,
3210,274,Mar Easter  SP 16pp,Mar Easter  SP 16pp,1,3,
3211,274,Mar Easter  SP 20pp,Mar Easter  SP 20pp,1,3,
3212,274,Mar Easter  SP 30pp,Mar Easter  SP 30pp,1,3,
3213,274,Mar Easter  SP 30+per,Mar Easter  SP 30+per,1,3,
3214,274,Mar Easter  Sweat Pantspp,Mar Easter  Sweat Pantspp,1,3,
3215,274,Mar Easter 2 20per,Mar Easter 2 20per,1,3,
3216,274,Mar Easter 2 30per,Mar Easter 2 30per,1,3,
3217,274,Mar Easter 2 40per,Mar Easter 2 40per,1,3,
3218,274,Mar Easter 2 50per,Mar Easter 2 50per,1,3,
3219,274,Mar Easter 2 60per,Mar Easter 2 60per,1,3,
3220,274,Mar Easter 2 70per,Mar Easter 2 70per,1,3,
3221,274,Mar Easter 2 80per,Mar Easter 2 80per,1,3,
3222,274,Mar Easter 2 Tees 12pp,Mar Easter 2 Tees 12pp,1,3,
3223,274,Mar Easter 2 Tees 16pp,Mar Easter 2 Tees 16pp,1,3,
3224,274,Mar Easter 2 Tees 16 pluspp,Mar Easter 2 Tees 16 pluspp,1,3,
3225,274,Mar Easter 2 Tees 8pp,Mar Easter 2 Tees 8pp,1,3,
3226,274,Mar Easter 2 shoes allpp,Mar Easter 2 shoes allpp,1,3,
3227,274,Mar Easter 2 tees allpp,Mar Easter 2 tees allpp,1,3,
3228,274,Mar Easter 3 Shoes 20pp,Mar Easter 3 Shoes 20pp,1,3,
3229,274,Mar Easter 3 Shoes 30pp,Mar Easter 3 Shoes 30pp,1,3,
3230,274,Mar Easter 3 Shoes 40pp,Mar Easter 3 Shoes 40pp,1,3,
3231,274,Mar Easter 3 Shoes 40 pluspp,Mar Easter 3 Shoes 40 pluspp,1,3,
3233,274,Mar Easter 2 Acc top 200pp,Mar Easter 2 Acc top 200pp,1,3,
3234,274,Mar Easter 2 Headwear Top 200pp,Mar Easter 2 Headwear Top 200pp,1,3,
3235,274,Mar Easter 2 Hoodies Top 200pp,Mar Easter 2 Hoodies Top 200pp,1,3,
3236,274,Mar Easter 2 Acc top 200pp,Mar Easter 2 Acc top 200pp,1,3,
3237,274,Mar Easter 2 Jeans Top 200pp,Mar Easter 2 Jeans Top 200pp,1,3,
3238,274,Mar Easter 2 Headwear Top 200pp,Mar Easter 2 Headwear Top 200pp,1,3,
3239,274,Mar Easter 2 Shoes Top 200pp,Mar Easter 2 Shoes Top 200pp,1,3,
3240,274,Mar Easter 2 Hoodies Top 200pp,Mar Easter 2 Hoodies Top 200pp,1,3,
3241,274,Mar Easter 2 Sweat Pants Top 200pp,Mar Easter 2 Sweat Pants Top 200pp,1,3,
3242,274,Mar Easter 2 Jeans Top 200pp,Mar Easter 2 Jeans Top 200pp,1,3,
3243,274,Mar Easter 2 T-Shirts Top 200per,Mar Easter 2 T-Shirts Top 200per,1,3,
3244,274,checked All,checked,1,3,
3245,274,Mar Easter 2 Shoes Top 200pp,Mar Easter 2 Shoes Top 200pp,1,3,
3246,274,Mar Easter 2 Sweat Pants Top 200pp,Mar Easter 2 Sweat Pants Top 200pp,1,3,
3247,274,Mar Easter 2 T-Shirts Top 200per,Mar Easter 2 T-Shirts Top 200per,1,3,
3248,274,Mar Easter 2 All,Mar Easter 2,1,3,
3249,274,April Deal Headwearpp,April Deal Headwearpp,1,3,
3250,274,April Deal Hoodiespp,April Deal Hoodiespp,1,3,
3251,274,April Deal Sneakerspp,April Deal Sneakerspp,1,3,
3252,274,April Deal top dealpp,April Deal top dealpp,1,3,
3253,274,Apr Week 14 30per,Apr Week 14 30per,1,3,
3254,274,Apr Week 14 40per,Apr Week 14 40per,1,3,
3255,274,Apr Week 14 50per,Apr Week 14 50per,1,3,
3256,274,Apr Week 14 60per,Apr Week 14 60per,1,3,
3257,274,Apr Week 14 Jeanspp,Apr Week 14 Jeanspp,1,3,
3258,274,Apr Week 14 RB 50per,Apr Week 14 RB 50per,1,3,
3259,274,Apr Week 14 YLD Accessoriespp,Apr Week 14 YLD Accessoriespp,1,3,
3263,274,Apr wk15 30per,Apr wk15 30per,1,3,
3264,274,Apr wk15 40per,Apr wk15 40per,1,3,
3265,274,Apr wk15 50per,Apr wk15 50per,1,3,
3266,274,Apr wk15 60per,Apr wk15 60per,1,3,
3267,274,Apr wk15 70per,Apr wk15 70per,1,3,
3268,274,Apr wk15 75per,Apr wk15 75per,1,3,
3269,274,Apr wk15 80per,Apr wk15 80per,1,3,
3270,274,Apr wk15 85per,Apr wk15 85per,1,3,
3271,274,Apr wk 15 fe Hoodies from 10pp,Apr wk 15 fe Hoodies from 10pp,1,3,
3272,274,Apr wk 15 fe jumperspp,Apr wk 15 fe jumperspp,1,3,
3273,274,Apr wk 15 fe sp from 8pp,Apr wk 15 fe sp from 8pp,1,3,
3274,274,Apr WK16 PUA 10per,Apr WK16 PUA 10per,1,3,
3275,274,Apr WK16 PUA 20per,Apr WK16 PUA 20per,1,3,
3276,274,Apr WK16 PUA 30per,Apr WK16 PUA 30per,1,3,
3277,274,Apr WK16 PUA 40per,Apr WK16 PUA 40per,1,3,
3278,274,Apr WK16 PUA 50per,Apr WK16 PUA 50per,1,3,
3279,274,Apr WK16 PUA 60per,Apr WK16 PUA 60per,1,3,
3280,274,Apr WK16 PUA 65per,Apr WK16 PUA 65per,1,3,
3281,274,Apr WK16 PUA 70per,Apr WK16 PUA 70per,1,3,
3282,274,Apr WK16 PUA 75per,Apr WK16 PUA 75per,1,3,
3283,274,Apr WK16 PUA 80per,Apr WK16 PUA 80per,1,3,
3284,274,Apr WK16 PUA 85per,Apr WK16 PUA 85per,1,3,
3285,274,Apr WKFE Capspp,Apr WKFE Capspp,1,3,
3286,274,Apr WKFE T-Shirtsper,Apr WKFE T-Shirtsper,1,3,
3287,274,Apr WKFE shoespp,Apr WKFE shoespp,1,3,
3288,274,Apr slow sellerspp,Apr slow sellerspp,1,3,
3289,274,Apr WK17PR 20per,Apr WK17PR 20per,1,3,
3290,274,Apr WK17PR 30per,Apr WK17PR 30per,1,3,
3291,274,Apr WK17PR 40per,Apr WK17PR 40per,1,3,
3292,274,Apr WK17PR 50per,Apr WK17PR 50per,1,3,
3293,274,Apr WK17PR 60per,Apr WK17PR 60per,1,3,
3294,274,Apr WK17PR 70per,Apr WK17PR 70per,1,3,
3295,274,Apr WK17PR 80per,Apr WK17PR 80per,1,3,
3296,274,Apr WK17PR jeans dealpp,Apr WK17PR jeans dealpp,1,3,
3297,274,Apr WK17PR summer  selectionpp,Apr WK17PR summer  selectionpp,1,3,
3298,274,checked All,checked,1,3,
3299,274,Apr ROB 50per,Apr ROB 50per,1,3,
3300,274,Apr  ROBFEpp,Apr  ROBFEpp,1,3,
3301,274,May  40per,May  40per,1,3,
3302,274,May  50per,May  50per,1,3,
3303,274,May  60per,May  60per,1,3,
3304,274,May  70per,May  70per,1,3,
3305,274,May  75per,May  75per,1,3,
3306,274,May  80per,May  80per,1,3,
3307,274,May  85per,May  85per,1,3,
3308,274,May  9 Main Catergory pp,May  9 Main Catergory pp,1,3,
3309,274,May  Accessories Under 9pp,May  Accessories Under 9pp,1,3,
3310,274,May  Headwear under 9pp,May  Headwear under 9pp,1,3,
3311,274,May  Hoodies from 9pp,May  Hoodies from 9pp,1,3,
3312,274,May  Jeans from 9pp,May  Jeans from 9pp,1,3,
3313,274,May  Shoes from 9pp,May  Shoes from 9pp,1,3,
3314,274,May  Shorts From 9pp,May  Shorts From 9pp,1,3,
3315,274,May  Sweaters from 9pp,May  Sweaters from 9pp,1,3,
3316,274,May  T-Shirts Under 9per,May  T-Shirts Under 9per,1,3,
3317,274,May  accessories Under 9pp,May  accessories Under 9pp,1,3,
3318,274,May  sweat pants from 9pp,May  sweat pants from 9pp,1,3,
3319,274,May  t-Shirts Under 9per,May  t-Shirts Under 9per,1,3,
3320,274,May2  T-Shirts Under 9per,May2  T-Shirts Under 9per,1,3,
3321,274,May2 accessories Under 9pp,May2 accessories Under 9pp,1,3,
3322,274,May  30per,May  30per,1,3,
3323,274,May  40per,May  40per,1,3,
3324,274,May  50per,May  50per,1,3,
3325,274,May  60per,May  60per,1,3,
3326,274,May  65per,May  65per,1,3,
3327,274,May  70per,May  70per,1,3,
3328,274,May  75per,May  75per,1,3,
3329,274,May  80per,May  80per,1,3,
3330,274,May  50per,May  50per,1,3,
3331,274,May  60per,May  60per,1,3,
3332,274,May  70per,May  70per,1,3,
3333,274,May  80per,May  80per,1,3,
3334,274,May  85per,May  85per,1,3,
3335,274,May  30per,May  30per,1,3,
3336,274,May  40per,May  40per,1,3,
3337,274,May  50per,May  50per,1,3,
3338,274,May  60per,May  60per,1,3,
3339,274,May  65per,May  65per,1,3,
3340,274,May  70per,May  70per,1,3,
3341,274,May  75per,May  75per,1,3,
3342,274,May wk19 Raw Blue Headwearpp,May wk19 Raw Blue Headwearpp,1,3,
3343,274,May wk19 Raw Blue Shoespp,May wk19 Raw Blue Shoespp,1,3,
3344,274,May wk19 UC ladiespp,May wk19 UC ladiespp,1,3,
3345,274,May wk19 hot hoodiespp,May wk19 hot hoodiespp,1,3,
3346,274,May wk19 tees under 15pp,May wk19 tees under 15pp,1,3,
3347,274,May  10per,May  10per,1,3,
3348,274,May  20per,May  20per,1,3,
3349,274,May  30per,May  30per,1,3,
3350,274,May  40per,May  40per,1,3,
3351,274,May  50per,May  50per,1,3,
3352,274,May  60per,May  60per,1,3,
3353,274,May  65per,May  65per,1,3,
3354,274,May  70per,May  70per,1,3,
3355,274,May  75per,May  75per,1,3,
3356,274,May  80per,May  80per,1,3,
3357,274,May  85per,May  85per,1,3,
3358,274,checked All,checked,1,3,
3359,274,May  20per,May  20per,1,3,
3360,274,May  30per,May  30per,1,3,
3361,274,May  40per,May  40per,1,3,
3362,274,May  50per,May  50per,1,3,
3363,274,May  60per,May  60per,1,3,
3364,274,May  70per,May  70per,1,3,
3365,274,May  75per,May  75per,1,3,
3366,274,May  80per,May  80per,1,3,
3367,274,checked All,checked,1,3,
3368,274,May  flash shoes pp,May  flash shoes pp,1,3,
3369,274,May  cultz slowpp,May  cultz slowpp,1,3,
3370,274,checked All,checked,1,3,
3371,274,May  20per,May  20per,1,3,
3372,274,May  30per,May  30per,1,3,
3373,274,May  40per,May  40per,1,3,
3374,274,May  50per,May  50per,1,3,
3375,274,May  60per,May  60per,1,3,
3376,274,May  70per,May  70per,1,3,
3377,274,May  80per,May  80per,1,3,
3378,274,May  85per,May  85per,1,3,
3379,274,May  jeanspp,May  jeanspp,1,3,
3380,274,May  raw bluepp,May  raw bluepp,1,3,
3381,274,May  royal bluepp,May  royal bluepp,1,3,
3384,274,May  5pp,May  5pp,1,3,
3385,274,May  10pp,May  10pp,1,3,
3386,274,May  15pp,May  15pp,1,3,
3387,274,May  20pp,May  20pp,1,3,
3388,274,May  25pp,May  25pp,1,3,
3389,274,May  30pp,May  30pp,1,3,
3390,274,May  40pp,May  40pp,1,3,
3391,274,May  50pp,May  50pp,1,3,
3392,274,May  51pp,May  51pp,1,3,
3393,274,May  mid season allpp,May  mid season allpp,1,3,
3394,274,May  60per,May  60per,1,3,
3395,274,May  70per,May  70per,1,3,
3396,274,May  75per,May  75per,1,3,
3397,274,May  80per,May  80per,1,3,
3398,274,May  85per,May  85per,1,3,
3399,274,May  20per,May  20per,1,3,
3400,274,May  30per,May  30per,1,3,
3401,274,May  40per,May  40per,1,3,
3402,274,May  50per,May  50per,1,3,
3403,274,May  60per,May  60per,1,3,
3404,274,May  70per,May  70per,1,3,
3405,274,May  80per,May  80per,1,3,
3406,274,May  85per,May  85per,1,3,
3407,274,May  Sweat pants dealpp,May  Sweat pants dealpp,1,3,
3408,274,May  5pp,May  5pp,1,3,
3409,274,May  10pp,May  10pp,1,3,
3410,274,May  15pp,May  15pp,1,3,
3411,274,May  20pp,May  20pp,1,3,
3412,274,May  25pp,May  25pp,1,3,
3413,274,May  30pp,May  30pp,1,3,
3414,274,May  40pp,May  40pp,1,3,
3415,274,May  50pp,May  50pp,1,3,
3416,274,May  51pp,May  51pp,1,3,
3417,274,May  Big  Sale Allpp,May  Big  Sale Allpp,1,3,
3418,274,Jun  T-shirtsper,Jun  T-shirtsper,1,3,
3419,274,Jun  YLDpp,Jun  YLDpp,1,3,
3420,274,Jun  shoespp,Jun  shoespp,1,3,
3421,274,Jun  40per,Jun  40per,1,3,
3422,274,Jun  50per,Jun  50per,1,3,
3423,274,Jun  60per,Jun  60per,1,3,
3424,274,Jun  70per,Jun  70per,1,3,
3425,274,Jun  75per,Jun  75per,1,3,
3426,274,Jun  80per,Jun  80per,1,3,
3427,274,Jun  85per,Jun  85per,1,3,
3428,274,Jun  crazy dealpp,Jun  crazy dealpp,1,3,
3429,274,Jun  10per,Jun  10per,1,3,
3430,274,Jun  20per,Jun  20per,1,3,
3431,274,Jun  30per,Jun  30per,1,3,
3432,274,Jun  40per,Jun  40per,1,3,
3433,274,Jun  50per,Jun  50per,1,3,
3434,274,Jun  60per,Jun  60per,1,3,
3435,274,Jun  65per,Jun  65per,1,3,
3436,274,Jun  70per,Jun  70per,1,3,
3437,274,Jun  75per,Jun  75per,1,3,
3438,274,Jun  80per,Jun  80per,1,3,
3439,274,Jun  85per,Jun  85per,1,3,
3440,274,Jun  10per,Jun  10per,1,3,
3441,274,Jun  20per,Jun  20per,1,3,
3442,274,Jun  30per,Jun  30per,1,3,
3443,274,Jun  40per,Jun  40per,1,3,
3444,274,Jun  50per,Jun  50per,1,3,
3445,274,Jun  60per,Jun  60per,1,3,
3446,274,Jun  65per,Jun  65per,1,3,
3447,274,Jun  70per,Jun  70per,1,3,
3448,274,Jun  75per,Jun  75per,1,3,
3449,274,Jun  80per,Jun  80per,1,3,
3450,274,Jun  85per,Jun  85per,1,3,
3451,274,checked All,checked,1,3,
3452,274,Jun  Shoes 15pp,Jun  Shoes 15pp,1,3,
3453,274,Jun  Shoes 20pp,Jun  Shoes 20pp,1,3,
3454,274,Jun  Shoes 25pp,Jun  Shoes 25pp,1,3,
3455,274,Jun  caps 10pp,Jun  caps 10pp,1,3,
3456,274,Jun  caps 5pp,Jun  caps 5pp,1,3,
3457,274,Jun  caps 7pp,Jun  caps 7pp,1,3,
3458,274,Jun  shorts 10pp,Jun  shorts 10pp,1,3,
3459,274,Jun  shorts 15pp,Jun  shorts 15pp,1,3,
3460,274,Jun  shorts 20pp,Jun  shorts 20pp,1,3,
3461,274,Jun  sunglasses 10pp,Jun  sunglasses 10pp,1,3,
3462,274,Jun  sunglasses 5pp,Jun  sunglasses 5pp,1,3,
3463,274,Jun  sunglasses 7pp,Jun  sunglasses 7pp,1,3,
3464,274,Jun  tees 10pp,Jun  tees 10pp,1,3,
3465,274,Jun  tees 15pp,Jun  tees 15pp,1,3,
3466,274,Jun  tees 7pp,Jun  tees 7pp,1,3,
3467,274,Jun  underpantspp,Jun  underpantspp,1,3,
3468,274,Jun  allpp,Jun  allpp,1,3,
3469,274,Jun  caps pp,Jun  caps pp,1,3,
3470,274,Jun  shoespp,Jun  shoespp,1,3,
3471,274,Jun  shortspp,Jun  shortspp,1,3,
3472,274,Jun  sunglassespp,Jun  sunglassespp,1,3,
3473,274,Jun  tees  pp,Jun  tees  pp,1,3,
3474,274,Jun  underpantspp,Jun  underpantspp,1,3,
3475,274,Jun  shoes1pp,Jun  shoes1pp,1,3,
3476,274,Jun  tees1 pp,Jun  tees1 pp,1,3,
3477,274,Jun  euro 2016pp,Jun  euro 2016pp,1,3,
3478,274,Jun  10per,Jun  10per,1,3,
3479,274,Jun  20per,Jun  20per,1,3,
3480,274,Jun  28per,Jun  28per,1,3,
3481,274,Jun  30per,Jun  30per,1,3,
3482,274,Jun  40per,Jun  40per,1,3,
3483,274,Jun  50per,Jun  50per,1,3,
3484,274,Jun  60per,Jun  60per,1,3,
3485,274,Jun  65per,Jun  65per,1,3,
3486,274,Jun  70per,Jun  70per,1,3,
3487,274,Jun  75per,Jun  75per,1,3,
3488,274,Jun  80per,Jun  80per,1,3,
3489,274,Jun  85per,Jun  85per,1,3,
3490,274,Jun  JEANS -85per,Jun  JEANS -85per,1,3,
3491,274,Jun  RB  Halfpp,Jun  RB  Halfpp,1,3,
3492,274,Jun  ROY Halfpp,Jun  ROY Halfpp,1,3,
3493,274,Jun  summertimepp,Jun  summertimepp,1,3,
3494,274,Jun  30per,Jun  30per,1,3,
3495,274,Jun  40per,Jun  40per,1,3,
3496,274,Jun  50per,Jun  50per,1,3,
3497,274,Jun  ALLpp,Jun  ALLpp,1,3,
3498,274,Jun  Accessoriespp,Jun  Accessoriespp,1,3,
3499,274,Jun  Headwearpp,Jun  Headwearpp,1,3,
3500,274,Jun  Hoodiespp,Jun  Hoodiespp,1,3,
3501,274,Jun  Jacketspp,Jun  Jacketspp,1,3,
3502,274,Jun  Pantspp,Jun  Pantspp,1,3,
3503,274,Jun  Sneakerspp,Jun  Sneakerspp,1,3,
3504,274,Jun  T-Shirtsper,Jun  T-Shirtsper,1,3,
3505,274,Jun  30per,Jun  30per,1,3,
3506,274,Jun  40per,Jun  40per,1,3,
3507,274,Jun  50per,Jun  50per,1,3,
3508,274,Jun  ALL salepp,Jun  ALL salepp,1,3,
3509,274,Jun  Accessories salepp,Jun  Accessories salepp,1,3,
3510,274,Jun  Headwear salepp,Jun  Headwear salepp,1,3,
3511,274,Jun  Hoodies salepp,Jun  Hoodies salepp,1,3,
3512,274,Jun  Jackets salepp,Jun  Jackets salepp,1,3,
3513,274,Jun  Pants salepp,Jun  Pants salepp,1,3,
3514,274,Jun  Sneakers salepp,Jun  Sneakers salepp,1,3,
3515,274,Jun  T-Shirts saleper,Jun  T-Shirts saleper,1,3,
3516,274,Jun  Raw Blue Headwearpp,Jun  Raw Blue Headwearpp,1,3,
3517,274,Jun  Raw Blue Shoespp,Jun  Raw Blue Shoespp,1,3,
3518,274,Jun  hoodies from 10pp,Jun  hoodies under 10pp,1,3,
3519,274,Jul  Accessoriespp,Jul  Accessoriespp,1,3,
3520,274,Jul  Headwearpp,Jul  Headwearpp,1,3,
3521,274,Jul  Hoodiespp,Jul  Hoodiespp,1,3,
3522,274,Jul  Jeanspp,Jul  Jeanspp,1,3,
3523,274,Jul  Shortspp,Jul  Shortspp,1,3,
3524,274,Jul  Sneakerspp,Jul  Sneakerspp,1,3,
3525,274,Jul  Sweaterspp,Jul  Sweaterspp,1,3,
3526,274,Jul  Sweatpantspp,Jul  Sweatpantspp,1,3,
3527,274,Jul  T-Shirtsper,Jul  T-Shirtsper,1,3,
3528,274,Jul  ind allpp,Jul  ind allpp,1,3,
3529,274,Jul  40per,Jul  40per,1,3,
1632,2,Styles,,1,2,
3121,1632,Mar Shoes 40per,Mar Shoes 40per,1,3,
1634,1632,Styleguide1,,1,3,
1637,1632,Styleguide2,,1,3,
2051,1632,Styleguide3,,1,3,
3173,2,Test subcategory,,0,2,
1210,1,XMas,,0,1,
